1,4692217.241,7511429.663,619.316,
2,4692220.829,7511399.418,619.577,
3,4692185.12,7511395.028,619.756,
4,4692182.157,7511413.772,619.88,
5,4692182.016,7511419.275,619.857,
6,4692181.062,7511423.016,619.405,
7,4692195.27,7511425.158,619.482,
8,4692183.05,7511422.033,619.536,bodrumi 10351
9,4692213.25,7511426.947,619.4,bodrumi 10336
10,4692217.719,7511399.574,619.657,bodrumi 10340
11,4692187.309,7511396.484,619.687,v4
12,4692190.242,7511387.445,620.493,NewDrawi 10610
13,4692190.228,7511387.474,619.481,NewDrawi 10610
14,4692186.901,7511386.566,619.933,NewDrawi 10606
15,4692189.149,7511377.881,619.903,NewDrawi 10566
16,4692178.514,7511406.998,619.756,trotuar
17,4692178.301,7511406.954,619.784,trotuar
18,4692178.334,7511406.902,619.755,trotuar
19,4692209.298,7511414.976,612.512,bodrumi 12463
20,4692210.159,7511409.577,612.562,bodrumi 12488
21,4692215.932,7511410.591,612.8,bodrumi 12492
22,4692215.42,7511414.01,612.737,bodrumi 12496
23,4692212.807,7511413.6,612.61,bodrumi 12500
24,4692212.513,7511415.471,612.551,bodrumi 12504
25,4692213.283,7511426.972,613.878,bodrumi 10480
26,4692213.744,7511428.084,613.896,e1
27,4692183.137,7511422.118,613.913,bodrumi 10495
28,4692182.268,7511421.727,613.949,e1
29,4692203.336,7511414.39,612.447,e0
30,4692216.318,7511427.594,619.386,e2
31,4692215.982,7511428.007,619.365,e2
32,4692215.199,7511429.558,619.341,e2
33,4692216.45,7511430.32,619.345,e2
34,4692214.913,7511430.001,619.363,e2
35,4692214.163,7511429.468,619.363,e2
36,4692212.884,7511429.157,619.304,e2
37,4692204.14,7511427.391,619.204,e2
38,4692203.837,7511428,619.283,e2
39,4692197.892,7511426.125,619.277,e2
40,4692197.695,7511426.864,619.391,e2
41,4692193.12,7511425.244,619.294,e2
42,4692192.757,7511425.955,619.316,e2
43,4692188.462,7511424.836,619.161,e2
44,4692188.306,7511425.152,619.298,e2
45,4692183.258,7511423.694,619.225,e2
46,4692183.137,7511424.253,619.36,e2
47,4692181.413,7511422.906,619.547,e2
48,4692179.932,7511423.429,619.502,e2
49,4692179.272,7511421.276,619.683,e2
50,4692181.066,7511419.224,619.742,e2
51,4692182.793,7511410.931,619.834,e2
52,4692181.95,7511406.296,619.832,e2
53,4692183.268,7511406.645,619.712,e2
54,4692185.014,7511400.144,619.707,e2
55,4692184.212,7511398.809,619.878,e2
56,4692185.532,7511395.675,619.728,e2
57,4692186.39,7511396.107,619.57,e2
58,4692194.049,7511396.507,619.699,e2
59,4692194.322,7511395.665,619.777,e2
60,4692194.988,7511396.41,619.636,e2
61,4692214.809,7511398.571,619.656,e2
62,4692214.893,7511397.738,619.757,e2
63,4692217.746,7511399.186,619.544,e2
64,4692218.259,7511398.924,619.803,e2
65,4692218.095,7511399.489,619.675,e2
66,4692218.545,7511400.335,619.453,e2
67,4692188.455,7511418.014,619.782,2DDrafti 9663
68,4692192.143,7511399.985,619.69,2DDrafti 10798
69,4692216.983,7511404.071,619.509,2DDrafti 9658
70,4692214.031,7511422.822,619.473,2DDrafti 9654
71,4692202.474,7511414.257,612.484,niv_0-0
72,4692196.342,7511409.408,612.455,niv_0-2
73,4692192.132,7511415.197,613.055,niv_0-z-5
74,4692212.921,7511411.645,611.955,niv_l-3
75,4692211.309,7511425.033,613.256,niv_t_0
76,4692213.204,7511400.987,613.284,niv_t_1
77,4692189.5,7511400.329,613.255,niv_t-1
78,4692190.553,7511420.329,613.855,niv_t-z-4
